run_label,sharpness
AdamW | LR=1.53e-05,0.14970424589514736
SGD | LR=5.76e-05,0.0020948529243469015
Adafactor | LR=1.24e-05,0.1328721978068352
